no;lat;lon;dist;tdist;alt
00002;54.2145698;19.1124878;55.8091605848999;55.8091605848999;-0.233
00003;54.2146325;19.1122947;14.3628949501992;70.1720555350991;-0.175
00004;54.2146200;19.1120801;14.0240358712583;84.1960914063574;0.000
00005;54.2145572;19.1119943;8.93880822794056;93.134899634298;0.000
00006;54.2144820;19.1119943;8.3626984764007;101.497598110699;0.000
00007;54.2143439;19.1120801;16.3396634653505;117.837261576049;0.000
00008;54.2142561;19.1121016;9.86348626885791;127.700747844907;-0.100
00009;54.2140428;19.1120586;23.8845065337132;151.58525437862;-0.350
00010;54.2131017;19.1115437;109.881971269412;261.467225648032;-0.575
00011;54.2122987;19.1109428;97.4742886152835;358.941514263316;-0.875
00012;54.2116085;19.1103420;86.12669666346;445.068210926776;-1.275
00013;54.2111944;19.1099343;53.1378516376509;498.206062564427;-1.525
00014;54.2121481;19.1085610;138.651573293638;636.857635858065;-1.925
00015;54.2124994;19.1078744;59.3286035360551;696.18623939412;-2.125
00016;54.2130139;19.1066942;95.7291813549191;791.915420749039;-2.125
00017;54.2136915;19.1053638;114.730459047169;906.645879796209;-2.125
00018;54.2138169;19.1052995;14.558632030295;921.204511826503;-2.000
00019;54.2139550;19.1051707;17.4930742430343;938.697586069538;-2.000
00020;54.2139675;19.1050205;9.8657589237448;948.563344993283;-2.050
00021;54.2139424;19.1048489;11.5027621851131;960.066107178396;-2.125
00022;54.2138420;19.1047845;11.9246597798652;971.990766958261;-2.200
00023;54.2136915;19.1047845;16.7365175608228;988.727284519084;-2.475
00024;54.2125873;19.1024027;197.658473138672;1186.38575765776;-2.800
00025;54.2118469;19.1011796;114.481531798888;1300.86728945664;-3.000
00026;54.2117591;19.1008148;25.654456802282;1326.52174625893;-3.100
00027;54.2116963;19.1005144;20.7465054279286;1347.26825168685;-2.975
00028;54.2116963;19.0995274;64.1870242841508;1411.455275971;-2.925
00029;54.2119097;19.0984759;72.3823171719526;1483.83759314296;-2.925
00030;54.2120477;19.0976605;55.2031336011591;1539.04072674412;-3.000
00031;54.2120477;19.0971241;34.8831073117171;1573.92383405583;-3.100
00032;54.2120414;19.0971456;1.56389311353209;1575.48772716937;-3.125
00033;54.2103348;19.0901074;495.502710124354;2070.99043729372;-2.950
00034;54.2095066;19.0868459;231.245024240087;2302.23546153381;-2.800
00035;54.2086282;19.0834556;241.16270896965;2543.39817050346;-2.400
00036;54.2083019;19.0828118;55.4067508408498;2598.80492134431;-1.675
00037;54.2069214;19.0807519;203.757984665328;2802.56290600963;-0.825
00038;54.2064948;19.0800223;67.1001373069989;2869.66304331663;-0.375
00039;54.2056414;19.0781341;155.206874292598;3024.86991760923;-0.175
00040;54.2052648;19.0777049;50.3315370340754;3075.20145464331;-0.050
00041;54.2044365;19.0764604;122.625138273856;3197.82659291716;-0.525
00042;54.2038592;19.0755591;86.9389107111338;3284.7655036283;-0.800
00043;54.2034827;19.0749154;59.2121417826387;3343.97764541094;-1.500
00044;54.2018510;19.0701518;359.077742317737;3703.05538772867;-2.125
00045;54.2002193;19.0657744;337.648459471527;4040.7038472002;-1.975
00046;54.1999934;19.0652165;44.1382034435875;4084.84205064379;-1.650
00047;54.1999558;19.0652595;5.03070035095288;4089.87275099474;-1.250
00048;54.1993031;19.0637145;123.974268786729;4213.84701978147;-1.375
00049;54.1986001;19.0582213;365.798122414747;4579.64514219621;-2.050
00050;54.1984997;19.0577064;35.3076780042096;4614.95282020042;-1.225
00051;54.1899633;19.0384803;1570.28435382716;6185.23717402758;-0.450
00052;54.1888082;19.0385661;128.575423207388;6313.81259723497;0.325
00053;54.1877536;19.0382228;119.386418003965;6433.19901523894;0.550
00054;54.1854433;19.0366778;275.88969333104;6709.08870856998;-0.425
00055;54.1789637;19.0303264;830.707027532764;7539.79573610274;-1.025
00056;54.1768539;19.0278373;285.119764130536;7824.91550023328;-1.150
00057;54.1729856;19.0234599;515.981251039378;8340.89675127266;-0.700
00058;54.1716291;19.0219150;181.298775224848;8522.1955264975;-0.225
00059;54.1717045;19.0220008;10.0747982899744;8532.27032478748;0.225
00060;54.1700967;19.0209708;190.955672097904;8723.22599688538;0.100
00061;54.1657755;19.0206275;481.063218406421;9204.2892152918;0.400
00062;54.1582375;19.0204558;838.346100969521;10042.6353162613;0.375
00063;54.1572323;19.0202842;112.341472635832;10154.9767888972;0.475
00064;54.1511002;19.0177093;702.241146100597;10857.2179349978;1.100
00065;54.1510877;19.0179238;14.0389076804586;10871.2568426782;1.025
00066;54.1488256;19.0172372;255.503005933554;11126.7598486118;0.875
00067;54.1460858;19.0162501;311.392092777855;11438.1519413896;0.850
00068;54.1440246;19.0151343;240.464778829455;11678.6167202191;0.700
00069;54.1432202;19.0143189;104.034774620693;11782.6514948398;0.625
00070;54.1419381;19.0120873;203.618479507805;11986.2699743476;1.075
00071;54.1407817;19.0100274;185.860555913641;12172.1305302612;1.025
00072;54.1400024;19.0095124;92.9302378595384;12265.0607681208;1.200
00073;54.1388962;19.0086970;133.995274084704;12399.0560422055;1.650
00074;54.1379408;19.0075383;130.332349443226;12529.3883916487;1.675
00075;54.1379408;19.0075383;0;12529.3883916487;2.700
00076;54.1349489;19.0041051;400.913811819265;12930.3022034679;3.150
00077;54.1343958;19.0032897;81.2751391767046;13011.5773426447;3.150
00078;54.1342197;19.0024743;56.6212137357808;13068.1985563804;3.525
00079;54.1336666;19.0025172;61.5715698123271;13129.7701261928;3.500
00080;54.1332391;19.0026031;47.868926646819;13177.6390528396;3.475
00081;54.1326608;19.0024743;64.8557367526592;13242.4947895922;3.975
00082;54.1320322;19.0022168;71.8894435698249;13314.3842331621;3.450
00083;54.1314539;19.0023456;64.8557683906122;13379.2400015527;2.300
00084;54.1298697;19.0026031;176.969896184007;13556.2098977367;1.550
00085;54.1284615;19.0026031;156.600425445507;13712.8103231822;1.050
00086;54.1275059;19.0026031;106.268546055704;13819.0788692379;1.200
00087;54.1275310;19.0026031;2.7912730279049;13821.8701422658;1.400
00088;54.1266508;19.0026031;97.8836063604309;13919.7537486262;1.550
00089;54.1258209;19.0021310;97.2827682481035;14017.0365168743;1.275
00090;54.1250413;19.0017018;91.0965156186828;14108.133032493;0.825
00091;54.1247144;19.0016160;36.7807747780654;14144.9138072711;0.925
00092;54.1239096;19.0017018;89.6731683526941;14234.5869756238;1.050
00093;54.1228281;19.0015731;120.561512388749;14355.1484880125;1.200
00094;54.1210676;19.0011868;197.390517526993;14552.5390055395;1.575
00095;54.1201369;19.0010581;103.838865878654;14656.3778714182;1.750
00096;54.1197093;19.0011439;47.8794230168964;14704.2572944351;1.850
00097;54.1188793;19.0015302;95.6735465814983;14799.9308410166;1.675
00098;54.1178732;19.0020881;117.645386198723;14917.5762272153;1.200
00099;54.1167916;19.0023026;121.090375788336;15038.6666030036;0.850
00100;54.1158860;19.0022597;100.74705605702;15139.4136590606;0.600
00101;54.1153578;19.0023885;59.3360273644097;15198.7496864251;0.625
00102;54.1149804;19.0026889;46.3124421708008;15245.0621285959;0.900
00103;54.1149301;19.0027747;7.91005780574437;15252.9721864016;1.125
00104;54.1140245;19.0026889;100.863424879463;15353.8356112811;1.300
00105;54.1125151;19.0028605;168.226802501174;15522.0624137822;1.575
00106;54.1109051;19.0033326;181.667662233005;15703.7300760152;1.600
00107;54.1090434;19.0039334;210.704806977317;15914.4348829926;1.650
00108;54.1085402;19.0038476;56.2377860662404;15970.6726690588;1.725
00109;54.1068796;19.0032468;188.777262021657;16159.4499310805;1.875
00110;54.1056468;19.0025601;144.220351458349;16303.6702825388;2.800
00111;54.1049674;19.0017877;90.7991456314906;16394.4694281703;3.300
00112;54.1043384;19.0013585;75.3387523686003;16469.8081805389;3.725
00113;54.1027028;19.0009723;183.623506575312;16653.4316871142;3.950
00114;54.1026777;19.0009294;3.95168444409315;16657.3833715583;3.850
00115;54.1006394;19.0004144;229.14535242586;16886.5287239842;3.950
00116;54.1002871;19.0002427;40.7463073293001;16927.2750313135;3.525
00117;54.0985256;18.9990411;210.979288745084;17138.2543200585;2.875
00118;54.0965878;18.9977536;231.273716921056;17369.5280369796;2.025
00119;54.0959587;18.9973245;75.3487555436591;17444.8767925233;1.375
00120;54.0955057;18.9971528;51.6058090239059;17496.4826015472;1.400
00121;54.0943480;18.9970241;129.016606079304;17625.4992076265;1.650
00122;54.0942221;18.9969811;14.2789371215973;17639.7781447481;1.900
00123;54.0942473;18.9970241;3.96456070078327;17643.7427054489;2.000
00124;54.0927120;18.9968095;171.307411579282;17815.0501170281;1.925
00125;54.0919066;18.9968524;89.6090824976723;17904.6591995258;1.850
00126;54.0905978;18.9971957;147.25874551928;18051.9179450451;1.850
00127;54.0882066;18.9985261;279.716377898968;18331.6343229441;2.125
00128;54.0834992;19.0010581;548.928403056039;18880.5627260001;2.475
00129;54.0803775;19.0027318;363.917907224162;19244.4806332243;2.825
00130;54.0803775;19.0027318;0;19244.4806332243;3.325
00131;54.0791942;19.0033326;137.303727045447;19381.7843602697;3.500
00132;54.0774569;19.0047917;215.378006864455;19597.1623671342;3.725
00133;54.0749139;19.0068088;311.920802809613;19909.0831699438;3.950
00134;54.0708598;19.0101562;500.963879931509;20410.0470498753;4.075
00135;54.0669060;19.0131602;481.407343818015;20891.4543936933;4.275
00136;54.0668556;19.0132031;6.2651225677722;20897.7195162611;4.575
00137;54.0586699;19.0189109;983.577010816262;21881.2965270773;4.625
00138;54.0565287;19.0204558;258.588164970128;22139.8846920475;4.600
00139;54.0556470;19.0211425;107.811136658941;22247.6958287064;4.550
00140;54.0556218;19.0211425;2.80239363875588;22250.4982223452;4.475
00141;54.0549920;19.0215716;75.4312934014659;22325.9295157466;4.675
00142;54.0538332;19.0219579;131.30984968518;22457.2393654318;4.700
00143;54.0529515;19.0222583;99.9922867190569;22557.2316521509;4.800
00144;54.0525484;19.0226016;50.1173578949047;22607.3490100458;4.975
00145;54.0519437;19.0232453;79.2968214130703;22686.6458314588;5.175
00146;54.0513391;19.0241036;87.5232366249572;22774.1690680838;5.400
00147;54.0502053;19.0256486;161.466816382601;22935.6358844664;5.325
00148;54.0487188;19.0277085;213.103639145054;23148.7395236114;5.650
00149;54.0469299;19.0254340;248.251416886233;23396.9909404977;6.000
00150;54.0460480;19.0244470;117.350793059082;23514.3417335568;6.175
00151;54.0453929;19.0239320;80.2371649168886;23594.5788984737;6.550
00152;54.0448386;19.0238032;62.2125888019148;23656.7914872756;6.325
00153;54.0444354;19.0240178;46.9767910455033;23703.7682783211;5.800
00154;54.0440322;19.0243611;50.1293588048871;23753.897637126;5.575
00155;54.0434778;19.0247474;66.6130927227196;23820.5107298487;5.350
00156;54.0425959;19.0249619;99.0677751246412;23919.5785049733;5.150
00157;54.0426463;19.0249619;5.60478727609698;23925.1832922494;5.150
00158;54.0425455;19.0249619;11.209574552194;23936.3928668016;5.100
00159;54.0412603;19.0241466;152.515822175863;24088.9086889775;5.275
00160;54.0402019;19.0231166;135.563168903539;24224.471857881;5.275
00161;54.0391939;19.0221725;127.931579913618;24352.4034377946;5.700
00162;54.0385134;19.0216146;83.989292249632;24436.3927300443;6.150
00163;54.0375053;19.0198121;162.555785020801;24598.9485150651;6.200
00164;54.0369005;19.0188680;91.2417311396483;24690.1902462047;6.400
00165;54.0366989;19.0189967;23.9429227495554;24714.1331689543;5.850
00166;54.0364972;19.0197692;55.2118563597547;24769.345025314;8.225
00167;54.0354891;19.0246615;338.606940871242;25107.9519661853;10.725
00168;54.0352623;19.0246615;25.2215427431438;25133.1735089284;13.125
00169;54.0344053;19.0241895;100.165164728232;25233.3386736566;15.950
00170;54.0327418;19.0228162;205.58882955397;25438.9275032106;16.575
00171;54.0314563;19.0217004;160.460311810215;25599.3878150208;17.250
00172;54.0314311;19.0217004;2.80239363875588;25602.1902086596;17.100
00173;54.0308010;19.0212283;76.5558076897881;25678.7460163494;16.500
00174;54.0291878;19.0203700;187.953563200652;25866.69957955;16.450
00175;54.0280282;19.0195546;139.521151498094;26006.2207310481;16.050
00176;54.0254317;19.0175376;317.387085023808;26323.6078160719;16.225
00177;54.0223056;19.0144906;400.595767480582;26724.2035835525;16.150
00178;54.0191792;19.0113578;403.446805030945;27127.6503885835;14.725
00179;54.0191792;19.0113149;2.80287940201;27130.4532679855;13.750
00180;54.0191792;19.0113578;2.80287940201;27133.2561473875;14.175
00181;54.0189271;19.0111432;31.3456871796038;27164.6018345671;16.150
00182;54.0172630;19.0114865;186.412444385858;27351.0142789529;17.550
00183;54.0166830;19.0114865;64.499536116397;27415.5138150693;20.075
00184;54.0160779;19.0113149;68.2185314748061;27483.7323465441;22.225
00185;54.0151953;19.0107570;104.701413764636;27588.4337603088;24.550
00186;54.0132537;19.0096841;227.014085128572;27815.4478454373;27.700
00187;54.0117911;19.0092120;165.549802450603;27980.997647888;29.875
00188;54.0109841;19.0089545;91.3072292523009;28072.3048771403;30.525
00189;54.0096475;19.0085254;151.260008185009;28223.5648853253;29.950
00190;54.0097105;19.0088258;20.8438648670402;28244.4087501923;32.075
00191;54.0056753;19.0064225;475.43186693397;28719.8406171263;34.600
00192;54.0021441;19.0055642;396.677648594031;29116.5182657203;35.500
00193;53.9920534;19.0028176;1136.42028015276;30252.9385458731;38.525
00194;53.9889248;19.0017877;354.375396210233;30607.3139420833;39.125
00195;53.9874109;19.0012727;171.689330863359;30779.0032729467;39.100
00196;53.9874109;19.0012727;0;30779.0032729467;41.400
00197;53.9836763;19.0005860;417.73055951729;31196.733832464;42.550
00198;53.9813546;19.0014443;264.217378337873;31460.9512108018;43.475
00199;53.9780233;19.0024743;376.534866582038;31837.4860773839;44.675
00200;53.9757013;19.0038476;273.394916183357;32110.8809935672;46.050
00201;53.9743888;19.0079675;306.451286099285;32417.3322796665;46.350
00202;53.9735811;19.0095124;135.196622534012;32552.5289022005;46.175
00203;53.9725714;19.0096841;112.845022376774;32665.3739245773;45.875
00204;53.9714608;19.0096841;123.505491052474;32788.8794156298;45.300
00205;53.9685326;19.0114007;344.449790259264;33133.329205889;44.675
00206;53.9655032;19.0127740;348.660425739824;33481.9896316289;44.250
00207;53.9642914;19.0131173;136.618207787563;33618.6078394164;43.500
00208;53.9620696;19.0158639;305.5098761135;33924.1177155299;43.225
00209;53.9585347;19.0208421;510.507289335689;34434.6250048656;41.575
00210;53.9570197;19.0234170;238.264597979508;34672.8896028451;41.250
00211;53.9536864;19.0237603;371.363333806603;35044.2529366517;41.825
00212;53.9499488;19.0239320;415.795755151789;35460.0486918035;41.550
00213;53.9501508;19.0237603;25.1172817078597;35485.1659735114;46.975
00214;53.9464129;19.0235887;415.828953734164;35900.9949272455;51.550
00215;53.9449985;19.0239320;158.886680087067;36059.8816073326;54.100
00216;53.9423715;19.0249619;299.815052098331;36359.6966594309;57.025
00217;53.9404517;19.0261636;227.523305629547;36587.2199650605;55.825
00218;53.9375213;19.0265069;326.652295948514;36913.872261009;54.075
00219;53.9341865;19.0271935;373.564182064179;37287.4364430732;53.275
00220;53.9293354;19.0278802;541.342146313792;37828.778589387;54.675
00221;53.9240035;19.0289101;596.762524120924;38425.5411135079;56.350
00222;53.9240351;19.0283523;36.6959324122869;38462.2370459202;57.175
00223;53.9242625;19.0271292;83.9912533642776;38546.2282992844;57.275
00224;53.9243636;19.0260134;73.9270728556363;38620.1553721401;54.125
00225;53.9245027;19.0245543;96.7916312671897;38716.9470034073;50.400
00226;53.9246416;19.0232454;87.0923246440209;38804.0393280513;48.125
00227;53.9248437;19.0221081;77.7916104656159;38881.8309385169;47.050
00228;53.9247300;19.0215931;36.0163464969428;38917.8472850139;47.250
00229;53.9242878;19.0215931;49.1753359829735;38967.0226209968;47.800
00230;53.9234791;19.0221295;96.5487915480973;39063.5714125449;48.375
00231;53.9229990;19.0227089;65.4990637364001;39129.0704762813;48.700
00232;53.9229863;19.0221725;35.1551588763276;39164.2256351577;48.850
00233;53.9228979;19.0212498;61.2186227405613;39225.4442578982;48.925
00234;53.9229105;19.0208635;25.3361344833065;39250.7803923815;48.425
00235;53.9229990;19.0206704;16.0239108541465;39266.8043032357;48.000
00236;53.9230874;19.0206275;10.2241641930679;39277.0284674287;47.750
00237;53.9245784;19.0205846;165.832087617882;39442.8605550466;47.700
00238;53.9250712;19.0202413;59.2340116689577;39502.0945667156;47.750
00239;53.9250270;19.0202627;5.11116490332483;39507.2057316189;48.400
00240;53.9267201;19.0190182;205.161972370824;39712.3677039897;49.525
00241;53.9271749;19.0180740;79.8777939141854;39792.2454979039;50.325
00242;53.9283625;19.0134392;330.972044157444;40123.2175420614;49.325
00243;53.9291711;19.0087614;319.215700082489;40442.4332421439;47.400
00244;53.9296007;19.0058861;194.230597078198;40636.663839222;45.000
00245;53.9294996;19.0053282;38.220032033328;40674.8838712554;43.175
00246;53.9290700;19.0041695;89.6561645031178;40764.5400357585;43.275
00247;53.9288679;19.0032682;63.1489807523012;40827.6890165108;44.300
00248;53.9287416;19.0021524;74.3971160184384;40902.0861325292;45.400
00249;53.9289690;19.0001783;131.708571194032;41033.7947037233;45.925
00250;53.9290448;18.9991913;65.1729582243024;41098.9676619476;46.400
00251;53.9289816;18.9991913;7.0282253143473;41105.9958872619;47.650
00252;53.9292848;18.9962730;194.032239784192;41300.0281270461;47.300
00253;53.9290827;18.9933548;192.390621891419;41492.4187489375;47.800
00254;53.9290321;18.9912090;140.612431439023;41633.0311803766;49.950
00255;53.9296386;18.9894066;135.927964652243;41768.9591450288;50.200
00256;53.9301945;18.9866600;190.163301686389;41959.1224467152;50.550
00257;53.9298912;18.9862308;43.9015964104607;42003.0240431256;50.650
00258;53.9278698;18.9839134;271.210856967718;42274.2349000934;50.350
00259;53.9273644;18.9816818;156.55891450906;42430.7938146024;51.300
00260;53.9265558;18.9795361;166.811772732888;42597.6055873353;53.225
00261;53.9261515;18.9785919;76.4463396912422;42674.0519270266;55.850
00262;53.9209456;18.9402256;2578.26559281287;45252.3175198394;59.525
00263;53.9188732;18.9245186;1054.16769128346;46306.4852111229;62.325
00264;53.9188732;18.9246902;11.2385346051967;46317.7237457281;57.500
00265;53.9158402;18.9016018;1549.33406943321;47867.0578151613;53.075
00266;53.9153852;18.8993702;154.675053482989;48021.7328686443;42.825
00267;53.9138180;18.8942204;379.672569961067;48401.4054386053;31.700
00268;53.9133631;18.8921604;144.103166541834;48545.5086051472;28.500
00269;53.9134642;18.8911304;68.3966019910107;48613.9052071382;23.550
00270;53.9143741;18.8908730;102.581411687035;48716.4866188252;21.975
00271;53.9146269;18.8900146;62.861423788575;48779.3480426138;19.325
00272;53.9144752;18.8887272;85.9948932717816;48865.3429358856;17.000
00273;53.9139192;18.8864956;158.709188490427;49024.052124376;13.525
00274;53.9135147;18.8851223;100.572580684249;49124.6247050603;10.000
00275;53.9134136;18.8844357;46.3570917497765;49170.98179681;8.700
00276;53.9134642;18.8840065;28.6707076758546;49199.6525044859;7.375
00277;53.9139697;18.8830624;83.5714070416787;49283.2239115276;7.525
00278;53.9140708;18.8824615;40.9333827690668;49324.1572942966;7.800
00279;53.9147280;18.8810024;120.31247537504;49444.4697696717;8.025
00280;53.9171039;18.8790283;294.155312872897;49738.6250825446;8.325
00281;53.9181655;18.8783417;126.330851838559;49864.9559343831;8.350
00282;53.9193787;18.8779125;137.812427690007;50002.7683620731;8.375
00283;53.9194292;18.8779984;7.94905206600725;50010.7174141391;8.750
00284;53.9234223;18.8736210;528.551137022038;50539.2685511612;9.000
00285;53.9299923;18.8670979;846.318871781169;51385.5874229424;10.350
00286;53.9303966;18.8659821;85.7832263186754;51471.370649261;11.475
00287;53.9309525;18.8656387;65.7812168974671;51537.1518661585;12.300
00288;53.9333275;18.8666687;272.587725726923;51809.7395918854;12.000
00289;53.9339844;18.8670979;78.2692219289988;51888.0088138144;10.550
00290;53.9352981;18.8659821;163.336702355232;52051.3455161697;9.850
00291;53.9362582;18.8649521;126.279177166416;52177.6246933361;8.875
00292;53.9371171;18.8672695;179.271776810226;52356.8964701463;8.700
00293;53.9397949;18.8749084;582.008976475217;52938.9054466215;8.800
00294;53.9423715;18.8809166;486.593659283159;53425.4991059047;8.375
00295;53.9423210;18.8809166;5.61590788624056;53431.1150137909;9.425
00296;53.9453521;18.8880405;575.362024665825;54006.4770384567;12.050
00297;53.9469686;18.8873539;185.296360164139;54191.7733986209;14.350
00298;53.9477768;18.8870964;91.4431596849194;54283.2165583058;16.075
00299;53.9515146;18.8903580;467.269354341005;54750.4859126468;16.700
00300;53.9526763;18.8916454;154.231364368987;54904.7172770158;15.825
00301;53.9544440;18.8917313;196.659368575156;55101.3766455909;15.350
00302;53.9562117;18.8916454;196.659361762678;55298.0360073536;14.900
00303;53.9567672;18.8906155;91.4197499914994;55389.4557573451;14.400
00304;53.9571712;18.8904438;46.3106917487398;55435.7664490939;13.750
00305;53.9585347;18.8903580;151.733405706977;55587.4998548008;14.200
00306;53.9603022;18.8890705;213.847886373841;55801.3477411747;15.875
00307;53.9639379;18.8866673;433.8076712748;56235.1554124495;17.425
00308;53.9646953;18.8865814;84.4147635126941;56319.5701759622;17.350
00309;53.9668664;18.8864098;241.700393981436;56561.2705699436;16.275
00310;53.9681792;18.8777409;585.577881523065;57146.8484514667;13.550
00311;53.9686840;18.8765392;96.5956827258477;57243.4441341925;10.550
00312;53.9693909;18.8758526;90.5371575172931;57333.9812917098;9.175
00313;53.9717132;18.8743935;275.325727466896;57609.3070191767;7.925
00314;53.9730763;18.8737926;156.59766945283;57765.9046886295;7.575
00315;53.9731267;18.8737926;5.60478727609698;57771.5094759056;6.825
00316;53.9914984;18.8974819;2563.94105629652;60335.4505322022;6.750
00317;54.0007820;18.9088116;1270.58242484289;61606.032957045;6.350
00318;54.0008829;18.9088974;12.5441721026625;61618.5771291477;5.500
00319;54.0138967;18.9184246;1575.47004174099;63194.0471708887;5.550
00320;54.0139976;18.9173088;73.7685332706311;63267.8157041593;5.425
00321;54.0141489;18.9159355;91.2995863765736;63359.1152905359;5.000
00322;54.0144010;18.9143047;110.187337754813;63469.3026282907;5.325
00323;54.0146532;18.9113007;198.282368117532;63667.5849964082;5.425
00324;54.0147036;18.9113007;5.60478727680437;63673.189783685;5.375
00325;54.0146658;18.9113865;7.00724590535958;63680.1970295904;5.475
00326;54.0147667;18.9103565;68.2314079973891;63748.4284375878;5.250
00327;54.0146406;18.9093695;65.9997250186459;63814.4281626064;4.875
00328;54.0144389;18.9088974;38.1408866746221;63852.5690492811;4.700
00329;54.0141363;18.9085541;40.4424444174164;63893.0114936985;4.550
00330;54.0132032;18.9078245;114.194396649182;64007.2058903477;4.500
00331;54.0120685;18.9068804;140.459168640239;64147.6650589879;4.550
00332;54.0118919;18.9066658;24.1318198365743;64171.7968788245;4.675
00333;54.0107571;18.9044342;192.851892412576;64364.6487712371;4.550
00334;54.0088405;18.9006577;326.090319968;64690.7390912051;4.300
00335;54.0083613;18.8996277;85.8532041173416;64776.5922953224;4.475
00336;54.0082352;18.8989410;47.0173219505021;64823.6096172729;4.350
00337;54.0082604;18.8979969;61.7627655059769;64885.3723827789;4.450
00338;54.0085883;18.8950787;194.165198376338;65079.5375811552;4.825
00339;54.0089414;18.8923321;183.73942725036;65263.2770084056;4.775
00340;54.0089918;18.8910446;84.3261687402698;65347.6031771458;4.775
00341;54.0089666;18.8843927;434.71870266521;65782.321879811;4.950
00342;54.0089666;18.8843498;2.80356747530763;65785.1254472864;4.750
00343;54.0089918;18.8824615;123.434493557281;65908.5599408436;4.800
00344;54.0091683;18.8811741;86.3921543591999;65994.9520952028;4.800
00345;54.0092692;18.8802729;59.9535380836131;66054.9056332865;4.600
00346;54.0093701;18.8768826;221.842323134956;66276.7479564214;4.625
00347;54.0096727;18.8661966;699.1441679594;66975.8921243808;4.650
00348;54.0099753;18.8591156;463.964424657578;67439.8565490384;4.650
00349;54.0100762;18.8566694;160.251408802599;67600.107957841;5.200
00350;54.0102023;18.8555107;77.0078903060478;67677.115848147;5.875
00351;54.0105302;18.8540945;99.4719006434751;67776.5877487905;6.350
00352;54.0107319;18.8537941;29.8074194614833;67806.395168252;6.825
00353;54.0115389;18.8544807;100.334360970487;67906.7295292225;6.875
00354;54.0121945;18.8549957;80.2991268124844;67987.028656035;6.450
00355;54.0127493;18.8552532;63.9505218769086;68050.9791779119;6.150
00356;54.0131528;18.8557253;54.4531797617351;68105.4323576736;5.450
00357;54.0152458;18.8580856;279.215340353153;68384.6476980268;4.950
00358;54.0155231;18.8581715;31.3440892868262;68415.9917873136;4.200
00359;54.0160275;18.8576565;65.4117720422628;68481.4035593559;3.400
00360;54.0177925;18.8560257;223.336514227266;68704.7400735831;3.025
00361;54.0178429;18.8559828;6.26660096219921;68711.0066745453;3.550
00362;54.0202130;18.8542233;287.548578699987;68998.5552532453;4.350
00363;54.0216753;18.8537512;165.515861358777;69164.0711146041;5.000
00364;54.0242720;18.8533220;290.126978458124;69454.1980930622;5.650
00365;54.0267930;18.8529358;281.48343471143;69735.6815277737;5.100
00366;54.0289609;18.8529787;241.099983157326;69976.781510931;4.775
00367;54.0306245;18.8532362;185.765463180178;70162.5469741112;4.725
00368;54.0316832;18.8537512;122.445010096868;70284.991984208;4.450
00369;54.0325654;18.8541803;102.030786150806;70387.0227703588;4.350
00370;54.0325654;18.8541803;0;70387.0227703588;4.325
00371;54.0349598;18.8555107;280.090766977404;70667.1135373362;4.425
00372;54.0357663;18.8562832;102.904178220523;70770.0177155568;4.825
00373;54.0363208;18.8564978;63.2364527538133;70833.2541683106;5.350
00374;54.0387150;18.8571415;269.547841088213;71102.8020093988;5.825
00375;54.0409831;18.8575277;253.484270389784;71356.2862797886;5.925
00376;54.0429235;18.8579569;217.596768303756;71573.8830480923;6.250
00377;54.0441834;18.8583860;142.882705715136;71716.7657538075;6.375
00378;54.0448134;18.8586435;72.0491318190309;71788.8148856265;6.225
00379;54.0452669;18.8589010;53.1608106844057;71841.9756963109;6.150
00380;54.0465520;18.8596735;151.550760495576;71993.5264568065;5.650
00381;54.0474086;18.8601027;99.2955150174994;72092.821971824;5.225
00382;54.0474590;18.8601456;6.26570849782875;72099.0876803218;4.950
00383;54.0496007;18.8603601;238.581477736561;72337.6691580584;4.725
00384;54.0497770;18.8601885;22.5808479779586;72360.2500060363;4.625
00385;54.0498274;18.8598022;25.8356754705542;72386.0856815069;4.375
00386;54.0500038;18.8566265;208.257563237275;72594.3432447442;4.300
00387;54.0501550;18.8555107;74.7621844617187;72669.1054292059;4.150
00388;54.0503565;18.8553820;23.9315547828081;72693.0369839887;4.025
00389;54.0517674;18.8554249;156.925676916233;72849.9626609049;4.075
00390;54.0548409;18.8555965;341.975468519335;73191.9381294242;4.325
00391;54.0558234;18.8555965;109.259990058412;73301.1981194827;4.375
00392;54.0568562;18.8557682;115.399230256392;73416.5973497391;4.650
00393;54.0574356;18.8555965;65.4003235977778;73481.9976733368;4.600
00394;54.0578134;18.8553820;44.2853054632986;73526.2829788001;4.350
00395;54.0585439;18.8554678;81.4288771844628;73607.7118559846;4.575
00396;54.0595263;18.8556824;110.143203839149;73717.8550598237;4.400
00397;54.0598034;18.8558111;31.9397046305535;73749.7947644543;4.625
00398;54.0603827;18.8559399;64.9679169202687;73814.7626813746;4.600
00399;54.0609620;18.8559399;64.4216918489288;73879.1843732235;4.275
00400;54.0609494;18.8560257;5.77276202069563;73884.9571352442;3.925
00401;54.0649290;18.8559399;442.591210007408;74327.5483452516;3.650
00402;54.0670949;18.8562832;241.901036935272;74569.4493821869;4.075
00403;54.0693614;18.8567982;254.27937229638;74823.7287544833;4.400
00404;54.0698651;18.8567123;56.2942883985734;74880.0230428818;5.025
00405;54.0707716;18.8563690;103.26745717025;74983.2905000521;5.100
00406;54.0748006;18.8544807;464.682441304379;75447.9729413564;3.975
00407;54.0750524;18.8538799;48.1746216419368;75496.1475629984;3.350
00408;54.0761099;18.8497601;293.402136824062;75789.5496998225;2.925
00409;54.0781745;18.8410053;615.615834884431;76405.1655347069;2.875
00410;54.0781745;18.8410053;0;76405.1655347069;4.175
00411;54.0804908;18.8319073;647.042440411212;77052.2079751181;4.475
00412;54.0817496;18.8262424;395.190007934135;77447.3979830522;4.900
00413;54.0821524;18.8241825;141.649849119943;77589.0478321722;5.225
00414;54.0825048;18.8231525;77.7861465309963;77666.8339787032;4.950
00415;54.0827566;18.8228092;35.8559102066706;77702.6898889098;5.125
00416;54.0879423;18.8205776;594.770644009701;78297.4605329195;5.325
00417;54.0884457;18.8210926;65.2862633708371;78362.7467962904;5.325
00418;54.0887981;18.8214359;45.1352026241901;78407.8819989146;5.175
00419;54.0891505;18.8211784;42.6364999365345;78450.5184988511;5.675
00420;54.0896036;18.8205776;63.8320286708166;78514.3505275219;5.675
00421;54.0904594;18.8204060;95.8260549962758;78610.1765825182;6.125
00422;54.0914661;18.8206635;113.203932356659;78723.3805148749;6.925
00423;54.0926743;18.8212643;139.956516147315;78863.3370310222;7.025
00424;54.0933790;18.8217793;85.2614860724342;78948.5985170946;6.775
00425;54.0945871;18.8243542;215.057026138882;79163.6555432335;6.275
00426;54.0966508;18.8291607;388.488392350745;79552.1439355842;5.375
00427;54.0974057;18.8305340;122.751529721727;79674.8954653059;5.275
00428;54.1004255;18.8335381;388.781209633325;80063.6766749393;4.925
00429;54.1029922;18.8367138;352.63448998752;80416.3111649268;4.700
00430;54.1094333;18.8492451;1086.55136711415;81502.8625320409;4.675
00431;54.1094333;18.8492451;0;81502.8625320409;4.025
00432;54.1103893;18.8506184;138.98885125795;81641.8513832989;3.900
00433;54.1121000;18.8549957;342.95883790603;81984.8102212049;3.750
00434;54.1154206;18.8621197;593.311164734088;82578.121385939;3.625
00435;54.1154709;18.8629780;56.226271347603;82634.3476572866;3.475
00436;54.1151188;18.8653812;161.469957418956;82795.8176147056;3.525
00437;54.1152194;18.8676987;151.478365198281;82947.2959799039;3.250
00438;54.1213568;18.8673553;682.883210176852;83630.1791900807;2.850
00439;54.1246767;18.8670121;369.870036867744;84000.0492269485;2.375
00440;54.1278454;18.8666687;353.088626743023;84353.1378536915;1.700
00441;54.1294044;18.8666687;173.370304836054;84526.5081585275;1.575
00442;54.1303098;18.8664112;102.074512001054;84628.5826705286;1.575
00443;54.1333775;18.8628063;414.190563751847;85042.7732342804;1.725
00444;54.1380540;18.8573990;628.148346467388;85670.9215807478;1.975
00445;54.1399647;18.8569698;214.313326495607;85885.2349072434;2.225
00446;54.1438360;18.8567124;430.838572057566;86316.073479301;2.475
00447;54.1537391;18.8561115;1101.98031171022;87418.0537910112;2.625
00448;54.1617806;18.8555965;894.892405420372;88312.9461964316;2.875
00449;54.1711769;18.8576565;1053.49724419817;89366.4434406298;2.825
00450;54.1689159;18.8746510;1134.5210463885;90500.9644870183;2.525
00451;54.1647957;18.8966236;1502.07193900473;92003.036426023;2.225
00452;54.1732870;18.8978252;947.51877863752;92950.5552046605;2.075
00453;54.1738899;18.8985119;80.5803020023421;93031.1355066628;2.150
00454;54.1788130;18.9047775;682.676175954926;93713.8116826178;1.775
00455;54.1806214;18.9070091;248.067643703133;93961.8793263209;1.775
00456;54.1819274;18.9090691;197.653250906339;94159.5325772272;1.075
00457;54.1836351;18.9103565;207.566505172718;94367.0990824;0.325
00458;54.1856442;18.9120731;249.793903171243;94616.8929855712;0.250
00459;54.1856944;18.9120731;5.5825460572246;94622.4755316284;0.100
00460;54.1900135;18.9156780;534.529122508702;95157.0046541371;0.475
00461;54.1908672;18.9173088;142.380436732304;95299.3850908694;1.425
00462;54.1924240;18.9227161;392.109988459369;95691.4950793288;1.300
00463;54.1941815;18.9287243;437.038836844567;96128.5339161734;0.850
00464;54.1966419;18.9366207;582.044886797932;96710.5788029713;0.500
00465;54.1970938;18.9372215;63.6643214749128;96774.2431244462;-1.200
00466;54.2036709;18.9459763;926.983497558158;97701.2266220044;-1.075
00467;54.2086407;18.9535294;739.449255930744;98440.6758779351;-0.825
00468;54.2087913;18.9537869;23.6843304126457;98464.3602083478;-0.575
00469;54.2094941;18.9528427;99.3940515181748;98563.7542598659;0.750
00470;54.2104478;18.9519844;119.849813928403;98683.6040737943;1.500
00471;54.2125057;18.9508686;240.079709226956;98923.6837830213;1.975
00472;54.2137103;18.9500103;145.121813355205;99068.8055963765;1.825
00473;54.2144631;18.9494095;92.3837926628687;99161.1893890394;1.275
00474;54.2144631;18.9494095;0;99161.1893890394;0.250
00475;54.2168722;18.9479504;284.211385133124;99445.4007741725;-0.475
00476;54.2178257;18.9474354;111.197174680444;99556.5979488529;-0.750
00477;54.2180265;18.9473495;23.0181302107553;99579.6160790637;-0.900
00478;54.2198331;18.9488945;224.620810636168;99804.2368896999;-0.975
00479;54.2265069;18.9542160;818.846902134246;100623.083791834;-1.175
00480;54.2315743;18.9585075;628.796709864492;101251.880501699;-1.525
00481;54.2363401;18.9624558;588.849493661539;101840.72999536;-1.525
00482;54.2437636;18.9685497;915.616081619828;102756.34607698;-1.275
00483;54.2438639;18.9694939;62.361487947794;102818.707564928;-0.875
00484;54.2442651;18.9713821;130.557961185369;102949.265526113;-0.175
00485;54.2445159;18.9724979;77.6850307790527;103026.950556892;0.200
00486;54.2449672;18.9732704;70.9826857454045;103097.933242638;0.100
00487;54.2450675;18.9734421;15.7762828168484;103113.709525454;0.375
00488;54.2457697;18.9743862;99.3042472874854;103213.013772742;0.275
00489;54.2468228;18.9754162;134.88618309395;103347.899955836;0.125
00490;54.2474246;18.9761887;83.6557430503679;103431.555698886;0.150
00491;54.2484778;18.9776478;150.684152237333;103582.239851124;-0.075
00492;54.2488790;18.9783344;63.0931414901383;103645.332992614;-0.325
00493;54.2492300;18.9773045;77.4686789132648;103722.801671527;-0.975
00494;54.2498318;18.9736996;243.59417935871;103966.395850886;-1.350
00495;54.2509350;18.9678631;398.557920554454;104364.95377144;-1.850
00496;54.2520883;18.9617691;416.1804670409;104781.134238481;-2.500
00497;54.2530410;18.9571342;319.21492288749;105100.349161369;-2.600
00498;54.2534923;18.9544735;179.995917754658;105280.345079123;-2.675
00499;54.2539436;18.9518127;180.000340222444;105460.345419346;-2.050
00500;54.2559492;18.9517269;223.104586855271;105683.450006201;-1.600
00501;54.2566010;18.9518986;73.3373148413612;105756.787321042;-1.075
00502;54.2643216;18.9569626;919.431514729611;106676.218835772;-0.550
00503;54.2642214;18.9569626;11.1428508948694;106687.361686667;-0.700
00504;54.2705873;18.9616833;771.462587556213;107458.824274223;-0.625
00505;54.2723916;18.9629707;217.369043833794;107676.193318057;-0.650
00506;54.2747472;18.9640865;271.792498182478;107947.985816239;-0.975
00507;54.2755991;18.9649448;109.913618475863;108057.899434715;-1.200
00508;54.2771527;18.9655457;177.120608959812;108235.020043675;-0.050
00509;54.2794578;18.9664898;263.568306345421;108498.58835002;0.300
00510;54.2819132;18.9680347;290.894342862334;108789.482692883;0.675
00511;54.2833162;18.9693222;177.001243872863;108966.483936756;1.025
00512;54.2847191;18.9712963;201.899276162328;109168.383212918;0.625
00513;54.2853705;18.9699230;114.870778104386;109283.253991022;0.325
00514;54.2865730;18.9674339;209.740073647701;109492.99406467;0.525
00515;54.2879758;18.9661465;176.974108802877;109669.968173473;0.575
00516;54.2888275;18.9661465;94.7142326032068;109764.682406076;0.225
00517;54.2898295;18.9676056;146.24081194447;109910.923218021;0.575
00518;54.2925347;18.9718113;406.226316114102;110317.149534135;0.675
00519;54.2935866;18.9720688;118.165562263002;110435.315096398;0.725
00520;54.2949892;18.9714680;160.777839166101;110596.092935564;0.925
00521;54.2949392;18.9714680;5.56030483764482;110601.653240401;0.925
00522;54.2970930;18.9707813;243.626651610276;110845.279892012;0.925
00523;54.2984454;18.9709530;150.807345553517;110996.087237565;1.275
00524;54.2994973;18.9712963;119.080265389179;111115.167502954;1.050
00525;54.3011000;18.9708672;180.392102035638;111295.55960499;0.475
00526;54.3103145;18.9660606;1071.11740421349;112366.677009203;-0.250
00527;54.3162227;18.9632282;682.237281624374;113048.914290828;-1.450
00528;54.3169737;18.9633999;84.2551690704888;113133.169459898;-2.000
00529;54.3173742;18.9638290;52.5202357090302;113185.689695607;-2.150
00530;54.3177747;18.9645157;62.9899734127055;113248.67966902;-2.125
00531;54.3181752;18.9652882;67.0408125019825;113315.720481522;-1.850
00532;54.3187259;18.9656315;65.1639746515868;113380.884456174;-1.725
00533;54.3194268;18.9661465;84.8008749880369;113465.685331162;-1.300
00534;54.3201777;18.9669189;97.3806362597391;113563.065967421;-1.075
00535;54.3207284;18.9672623;65.165820923751;113628.231788345;-0.850
00536;54.3211789;18.9675198;52.808952110617;113681.040740456;-0.800
00537;54.3220800;18.9670906;104.002582745533;113785.043323201;-1.125
00538;54.3232814;18.9662323;144.736337509262;113929.779660711;-1.325
00539;54.3242825;18.9653740;124.469660977192;114054.249321688;-1.600
00540;54.3242825;18.9653740;0;114054.249321688;-1.700
00541;54.3262347;18.9640007;234.655465320422;114288.904787008;-1.750
00542;54.3274360;18.9639149;133.707711108006;114422.612498116;-1.975
00543;54.3286873;18.9645157;144.503694530934;114567.116192647;-2.075
00544;54.3314400;18.9662323;325.7277399581;114892.843932605;-1.475
00545;54.3327912;18.9668331;155.229696517094;115048.073629122;-0.800
00546;54.3332917;18.9672623;62.228505061802;115110.302134184;-0.025
00547;54.3330915;18.9692364;129.924357725201;115240.226491909;0.200
00548;54.3330915;18.9712105;128.00295630931;115368.229448219;-0.325
00549;54.3332416;18.9731846;129.086486716168;115497.315934935;-0.175
00550;54.3335919;18.9749012;117.925566587475;115615.241501522;0.650
00551;54.3338422;18.9770470;141.891049702471;115757.132551225;2.225
00552;54.3338422;18.9792786;144.696916296085;115901.829467521;4.275
00553;54.3339423;18.9841709;317.411541938966;116219.24100946;6.450
00554;54.3343927;18.9995346;997.432622127827;117216.673631588;8.225
00555;54.3347930;19.0093193;635.988092278525;117852.661723866;9.875
00556;54.3347430;19.0120659;178.172282890048;118030.834006756;10.875
00557;54.3345928;19.0130959;68.8409581344417;118099.674964891;9.600
00558;54.3335419;19.0145550;150.360754003973;118250.035718895;6.975
00559;54.3332416;19.0152416;55.6528132152218;118305.68853211;4.300
00560;54.3327412;19.0182457;202.582645498841;118508.271177609;1.875
00561;54.3318904;19.0226231;299.194928872874;118807.466106482;0.975
00562;54.3317402;19.0245972;129.092096007505;118936.558202489;1.350
00563;54.3316902;19.0291462;295.024762399298;119231.582964888;1.525
00564;54.3316902;19.0318928;178.098830044729;119409.681794933;2.375
00565;54.3326411;19.0349827;226.550693436468;119636.23248837;2.675
00566;54.3331916;19.0381584;214.824498711275;119851.056987081;2.450
00567;54.3333417;19.0429649;312.104445539198;120163.16143262;2.625
00568;54.3331916;19.0481148;334.3410621497;120497.50249477;2.125
00569;54.3330915;19.0488873;51.3117711771277;120548.814265947;3.100
00570;54.3327412;19.0566978;507.940137117925;121056.754403065;4.575
00571;54.3325410;19.0628777;401.334336505703;121458.088739571;5.000
00572;54.3323408;19.0669117;262.519175614572;121720.607915185;6.550
00573;54.3320906;19.0716324;307.364183333878;122027.972098519;6.725
00574;54.3321907;19.0734348;117.401363770013;122145.373462289;7.150
00575;54.3319905;19.0766106;207.127593031373;122352.50105532;9.100
00576;54.3318904;19.0799580;217.340671483709;122569.841726804;10.100
00577;54.3318904;19.0839920;261.576925182695;122831.418651987;10.925
00578;54.3318904;19.0887127;306.10465806862;123137.523310055;10.650
00579;54.3314900;19.0929184;276.322956792349;123413.846266848;10.250
00580;54.3309395;19.0978966;328.560729187762;123742.406996036;7.875
00581;54.3297884;19.1007290;223.875949246335;123966.282945282;5.650
00582;54.3279865;19.1041622;299.53230863838;124265.81525392;4.200
00583;54.3268854;19.1069946;220.754658811145;124486.569912731;1.925
00584;54.3264850;19.1107712;248.931995605607;124735.501908337;1.650
00585;54.3264349;19.1113720;39.3591804028301;124774.86108874;1.675
00586;54.3264286;19.1113505;1.56042980116129;124776.421518541;1.825
00587;54.3264161;19.1119514;38.9941635608849;124815.415682102;2.150
00588;54.3262535;19.1120801;19.9154623879573;124835.33114449;2.325
00589;54.3261534;19.1122088;13.9132582795003;124849.244402769;2.550
00590;54.3260032;19.1123161;18.0946992479761;124867.339102017;1.775
00591;54.3257905;19.1123376;23.6945976080215;124891.033699625;1.450
00592;54.3252273;19.1122947;62.6930384980809;124953.726738123;0.650
00593;54.3246892;19.1119943;62.9315458865032;125016.65828401;-0.200
00594;54.3236506;19.1108356;137.793777745974;125154.452061756;-0.250
00595;54.3232877;19.1105351;44.8162544109712;125199.268316167;-1.100
00596;54.3221614;19.1103849;125.629688614199;125324.898004781;-1.700
00597;54.3207597;19.1102991;155.976890544183;125480.874895325;-2.300
00598;54.3207409;19.1102562;3.48042290509415;125484.35531823;-2.550
00599;54.3025149;19.1087971;2029.0515365332;127513.406854764;-2.525
00600;54.2982576;19.1087112;473.470530560141;127986.877385324;-2.250
00601;54.2967549;19.1087971;167.202359753016;128154.079745077;-2.000
00602;54.2950519;19.1102562;211.739206708774;128365.818951785;-1.900
00603;54.2929480;19.1128311;287.521865831489;128653.340817617;-1.750
00604;54.2929480;19.1129169;5.56880225260721;128658.90961987;-1.675
00605;54.2928979;19.1128311;7.87733316396747;128666.786953034;-0.975
00606;54.2907437;19.1154060;292.09678118435;128958.883734218;-0.675
00607;54.2897919;19.1163502;122.308775797551;129081.192510015;-0.325
00608;54.2892408;19.1167793;67.3180085846627;129148.5105186;-0.625
00609;54.2875875;19.1168652;183.941571707318;129332.452090307;-1.200
00610;54.2865855;19.1169510;111.567616235374;129444.019706543;-1.175
00611;54.2860344;19.1172943;65.2117225055117;129509.231429048;-1.125
00612;54.2854832;19.1178093;69.8209968125185;129579.052425861;-0.500
00613;54.2846816;19.1180668;90.6965694187299;129669.74899528;-0.250
00614;54.2839801;19.1179810;78.2096710894245;129747.958666369;-0.375
00615;54.2834790;19.1183243;60.0167796488892;129807.975446018;-0.725
00616;54.2830281;19.1190109;67.0904975458612;129875.065943564;-0.875
00617;54.2828778;19.1207275;112.688475082339;129987.754418646;-1.275
00618;54.2806730;19.1249332;366.972873431409;130354.727292077;-1.850
00619;54.2782677;19.1293106;390.282722782853;130745.01001486;-2.050
00620;54.2769648;19.1323147;242.978475349114;130987.988490209;-2.350
00621;54.2760126;19.1334305;128.303126232478;131116.291616442;-2.425
00622;54.2720533;19.1384087;546.220531405689;131662.512147848;-2.250
00623;54.2720533;19.1384945;5.57162735881299;131668.083775206;-2.725
00624;54.2704996;19.1378078;178.442735238059;131846.526510444;-2.850
00625;54.2670410;19.1356621;409.082146024078;132255.608656469;-3.125
00626;54.2654370;19.1355762;178.461801839442;132434.070458308;-3.500
00627;54.2586692;19.1364346;754.683050206975;133188.753508515;-3.500
00628;54.2579171;19.1366920;85.2930625993782;133274.046571114;-3.850
00629;54.2563629;19.1382370;199.863716427956;133473.910287542;-3.975
00630;54.2546080;19.1389236;200.187937910404;133674.098225453;-3.850
00631;54.2486408;19.1405544;671.994265204444;134346.092490657;-3.700
00632;54.2486408;19.1405544;0;134346.092490657;-3.525
00633;54.2485906;19.1406403;7.89402623123828;134353.986516888;-3.050
00634;54.2434250;19.1422710;584.137001777067;134938.123518665;-2.875
00635;54.2427730;19.1423569;72.7209295168371;135010.844448182;-2.225
00636;54.2424721;19.1418419;47.3256269407428;135058.170075123;-2.075
00637;54.2409674;19.1374645;330.031636751616;135388.201711875;-2.300
00638;54.2379578;19.1297398;603.354859375151;135991.55657125;-2.375
00639;54.2373559;19.1289673;83.6715507249759;136075.228121975;-2.675
00640;54.2281752;19.1189251;1211.77653056723;137287.004652542;-2.325
00641;54.2217526;19.1138611;786.455705163573;138073.460357706;-2.150
00642;54.2192434;19.1109428;337.439005569225;138410.899363275;-1.975
00643;54.2192497;19.1109214;1.55786496477423;138412.45722824;-2.375
00644;54.2169663;19.1083894;302.629538188;138715.086766427;-2.725
00645;54.2160002;19.1072521;130.428371799852;138845.515138227;-2.625
00646;54.2153226;19.1068015;80.8495501460514;138926.364688373;-2.625
00647;54.2147706;19.1062865;69.9265675970572;138996.29125597;-2.450
00648;54.2142185;19.1054711;81.1240271179254;139077.415283088;-2.275
00649;54.2140303;19.1051707;28.629059506739;139106.044342595;-2.375
00650;54.2139801;19.1047845;25.7271098695465;139131.771452465;-2.400
00651;54.2139299;19.1046557;10.0656605832345;139141.837113048;-2.275
00652;54.2138420;19.1046772;9.87449670460493;139151.711609752;-2.375
00653;54.2137291;19.1046987;12.6327752436704;139164.344384996;-2.300
00654;54.2136538;19.1049991;21.2539262431606;139185.598311239;-2.200
00655;54.2136287;19.1051493;10.1584236326218;139195.756734872;-2.100
00656;54.2136036;19.1053209;11.5028509862671;139207.259585858;-2.150
00657;54.2132021;19.1061149;68.2611672681488;139275.520753126;-2.025
00658;54.2126751;19.1071663;90.0527225765164;139365.573475703;-2.100
00659;54.2122861;19.1080461;71.7276120068014;139437.30108771;-2.100
00660;54.2118344;19.1088614;73.0370116174738;139510.338099327;-1.950
00661;54.2118218;19.1088614;1.40119681937794;139511.739296146;-2.100
00662;54.2112070;19.1097412;89.1517650234366;139600.89106117;-2.025
00663;54.2110689;19.1099343;19.8382570581162;139620.729318228;-1.950
00664;54.2112822;19.1101489;27.5213474875787;139648.250665716;-1.650
00665;54.2123112;19.1110716;129.209541755077;139777.460207471;-1.350
00666;54.2129512;19.1115437;77.5112802728548;139854.971487744;-0.900
00667;54.2136287;19.1119514;79.870896940031;139934.842384684;-0.550
00668;54.2141306;19.1122303;58.6871064110319;139993.529491095;-0.350
00669;54.2143314;19.1122518;22.373909899869;140015.903400995;-0.125
00670;54.2144318;19.1123590;13.1626164314627;140029.066017426;-0.100
00671;54.2144569;19.1125736;14.2314507608623;140043.297468187;-0.125
00672;54.2143690;19.1129384;25.6573052728981;140068.95477346;-0.300
00673;54.2142687;19.1131744;18.9718674224632;140087.926640882;-0.400
